{"lensStats":[["XF55-200mmF3.5-4.8 R LM OIS",8.333333333333334],["XF23mmF1.4 R",57.22222222222222],["XF14mmF2.8 R",34.44444444444444]],"FNumberStats":[[5.6,67.77777777777777],[1.4,11.666666666666666],[3.6,0.5555555555555556],[2.8,11.666666666666666],[2,0.5555555555555556],[4.5,0.5555555555555556],[6.4,1.1111111111111112],[4,1.1111111111111112],[16,1.1111111111111112],[3.9,0.5555555555555556],[3.2,0.5555555555555556],[1.6,2.2222222222222223],[4.2,0.5555555555555556]],"ISO":[[200,50],[500,2.7777777777777777],[400,22.22222222222222],[640,3.888888888888889],[2500,1.6666666666666667],[250,1.1111111111111112],[3200,5.555555555555555],[800,2.2222222222222223],[1250,3.888888888888889],[6400,2.7777777777777777],[1600,1.6666666666666667],[1000,2.2222222222222223]]}